"ID","s","m","luminance","chromatic_contrast","achromatic_contrast","vismodel","iluminante","substrato"
"X001_ll_br_c_brac_claro",0.23162422764357,0.342870586181042,0.342870586181042,0.564403783729877,1.8188104,"Fiddler crab","D65","substrato_barradorio"
"X001_ll_br_q_brac_claro",0.170229418733287,0.271185803131469,0.27118580313147,0.131769744981123,1.5842616,"Fiddler crab","D65","substrato_barradorio"
"X002_ll_br_c_lep_claro",0.0978890942332802,0.179645479695663,0.179645479695663,0.701986036422458,1.1724427,"Fiddler crab","D65","substrato_barradorio"
"X002_ll_br_q_lep_claro",0.105473811738424,0.263052432986444,0.263052432986444,2.5094716484087,1.5538107,"Fiddler crab","D65","substrato_barradorio"
"X003_ll_br_c_brac_claro",0.131527700663462,0.275073775011857,0.275073775011857,1.47197610887566,1.5984967,"Fiddler crab","D65","substrato_barradorio"
"X003_ll_br_q_brac_claro",0.20800480797137,0.321032954931411,0.321032954931411,0.318413942281229,1.7530011,"Fiddler crab","D65","substrato_barradorio"
"X004_ll_br_c_brac_claro",0.0892302803596073,0.192649639394552,0.192649639394552,1.65954147273073,1.2423305,"Fiddler crab","D65","substrato_barradorio"
"X004_ll_br_q_brac_claro",0.0991148686173939,0.180681298043537,0.180681298043537,0.662535507300356,1.178192,"Fiddler crab","D65","substrato_barradorio"
"X005_ll_br_c_brac_claro",0.0781327768298059,0.152103517765965,0.152103517765965,1.04965556359855,1.0060187,"Fiddler crab","D65","substrato_barradorio"
"X005_ll_br_q_brac_claro",0.165803623863669,0.300574132419587,0.300574132419587,0.629743976947562,1.6871518,"Fiddler crab","D65","substrato_barradorio"
"X006_ll_br_c_brac_claro",0.120059401367497,0.224114407984272,0.224114407984272,0.802276373049193,1.393614,"Fiddler crab","D65","substrato_barradorio"
"X006_ll_br_q_brac_claro",0.0892633298726549,0.222956578927056,0.222956578927057,2.51828449821438,1.3884344,"Fiddler crab","D65","substrato_barradorio"
"X007_ll_br_c_brac_claro",0.0840496631344192,0.159958856869772,0.159958856869772,0.916231026557875,1.056374,"Fiddler crab","D65","substrato_barradorio"
"X007_ll_br_q_brac_claro",0.231336236487477,0.394222279538145,0.394222279538145,0.265303315753092,1.9583723,"Fiddler crab","D65","substrato_barradorio"
"X008_ll_br_c_brac_claro",0.207567443769676,0.317824171940578,0.317824171940577,0.365204330268938,1.7429557,"Fiddler crab","D65","substrato_barradorio"
"X008_ll_br_q_brac_claro",0.252197003753509,0.34463636659735,0.34463636659735,1.03555738668795,1.8239472,"Fiddler crab","D65","substrato_barradorio"
"X009_ll_br_c_brac_claro",0.161556433875154,0.302278370670437,0.302278370670437,0.815969454173489,1.6928057,"Fiddler crab","D65","substrato_barradorio"
"X009_ll_br_q_brac_claro",0.295200531342346,0.500790317333442,0.500790317333442,0.238727311195485,2.1976448,"Fiddler crab","D65","substrato_barradorio"
"X010_ll_br_c_brac_claro",0.0818374245216619,0.16380658930883,0.16380658930883,1.21346902615601,1.0801437,"Fiddler crab","D65","substrato_barradorio"
"X010_ll_br_q_brac_claro",0.0790806014611698,0.172894329320575,0.172894329320575,1.73355339280134,1.1341379,"Fiddler crab","D65","substrato_barradorio"
"X011_ll_br_c_brac_escuro",0.118802045222345,0.214879910312263,0.214879910312263,0.616370064395884,1.3515367,"Fiddler crab","D65","substrato_barradorio"
"X011_ll_br_q_brac_escuro",0.0859301681257213,0.18811319100737,0.18811319100737,1.74118957397413,1.2185012,"Fiddler crab","D65","substrato_barradorio"
"X012_ll_br_c_brac_escuro",0.0443731697909029,0.0931681942190104,0.0931681942190103,1.49524901605221,0.5158637,"Fiddler crab","D65","substrato_barradorio"
"X012_ll_br_q_brac_escuro",0.155996071995597,0.284150457414698,0.284150457414698,0.657926477469433,1.6309612,"Fiddler crab","D65","substrato_barradorio"
"X013_ll_br_c_brac_escuro",0.0398345050225924,0.0741374175176207,0.0741374175176207,0.784697862543757,0.2873777,"Fiddler crab","D65","substrato_barradorio"
"X013_ll_br_q_brac_escuro",0.0566364152465406,0.157599893456645,0.157599893456646,3.15480475035784,1.0415168,"Fiddler crab","D65","substrato_barradorio"
"X014_ll_br_c_brac_escuro",0.051816809388868,0.0770400342418817,0.0770400342418817,0.538630427225378,0.3257826,"Fiddler crab","D65","substrato_barradorio"
"X014_ll_br_q_brac_escuro",0.136403355023754,0.230529744691524,0.230529744691524,0.216518052015335,1.4218372,"Fiddler crab","D65","substrato_barradorio"
"X015_ll_br_c_brac_escuro",0.0802397565618658,0.141165965741983,0.141165965741983,0.45312537455329,0.9313936,"Fiddler crab","D65","substrato_barradorio"
"X015_ll_br_q_brac_escuro",0.219832330466213,0.305456610403125,0.305456610403124,0.937367887565609,1.7032651,"Fiddler crab","D65","substrato_barradorio"
"X016_ll_br_c_brac_escuro",0.0708550686653057,0.121933969602762,0.121933969602762,0.323053145013135,0.784937,"Fiddler crab","D65","substrato_barradorio"
"X016_ll_br_q_brac_escuro",0.112444890270491,0.210578088925711,0.210578088925711,0.821269709279171,1.3313139,"Fiddler crab","D65","substrato_barradorio"
"X017_ll_br_c_lep_escuro",0.0365932864851789,0.0805161976278954,0.0805161976278955,1.77115139197479,0.3699157,"Fiddler crab","D65","substrato_barradorio"
"X017_ll_br_q_lep_escuro",0.088233532596583,0.142665015353942,0.142665015353942,0.0442352514038478,0.9419567,"Fiddler crab","D65","substrato_barradorio"
"X018_ll_br_c_lep_escuro",0.06225346802556,0.126084639264804,0.126084639264804,1.2829271216278,0.8184108,"Fiddler crab","D65","substrato_barradorio"
"X018_ll_br_q_lep_escuro",0.108781740294354,0.216328358822294,0.216328358822294,1.17518033737174,1.3582548,"Fiddler crab","D65","substrato_barradorio"
"X019_ll_br_c_brac_escuro",0.0441353161584021,0.0856213220893188,0.0856213220893188,1.02916348897319,0.4313917,"Fiddler crab","D65","substrato_barradorio"
"X019_ll_br_q_brac_escuro",0.077931122676327,0.161868261557836,0.161868261557836,1.43152698815953,1.0682402,"Fiddler crab","D65","substrato_barradorio"
"X020_ll_br_c_brac_escuro",0.0606286458689623,0.118510526030617,0.118510526030617,1.07371262053894,0.7564591,"Fiddler crab","D65","substrato_barradorio"
"X020_ll_br_q_brac_escuro",0.180511931354859,0.34605829779825,0.34605829779825,0.959256050343052,1.8280646,"Fiddler crab","D65","substrato_barradorio"
"X021_ll_br_c_brac_claro",0.0500187592109866,0.147810553184383,0.147810553184383,3.50910027501381,0.9773888,"Fiddler crab","D65","substrato_barradorio"
"X021_ll_br_q_brac_claro",0.129744466789477,0.212153187446862,0.212153187446862,0.0219350160989046,1.3387659,"Fiddler crab","D65","substrato_barradorio"
"X022_ll_br_c_lep_escuro",0.128019972631853,0.203711176054139,0.203711176054139,0.138488780146536,1.2981605,"Fiddler crab","D65","substrato_barradorio"
"X022_ll_br_q_lep_escuro",0.12949624845063,0.216433950761531,0.216433950761531,0.150933639291151,1.3587428,"Fiddler crab","D65","substrato_barradorio"
"X023_ll_br_c_brac_claro",0.0384437059891281,0.0817501722065126,0.0817501722065126,1.5700935005657,0.3851253,"Fiddler crab","D65","substrato_barradorio"
"X023_ll_br_q_brac_claro",0.198871087221447,0.292419572692976,0.292419572692976,0.603906741945852,1.659647,"Fiddler crab","D65","substrato_barradorio"
"X024_ll_br_c_brac_escuro",0.0270167104793447,0.0555632808881274,0.0555632808881274,1.37324710596868,0.0010201,"Fiddler crab","D65","substrato_barradorio"
"X024_ll_br_q_brac_escuro",0.0486516264775662,0.123697584383535,0.123697584383535,2.62298483023646,0.7992971,"Fiddler crab","D65","substrato_barradorio"
"X025_ll_br_c_brac_claro",0.108520885821968,0.207734660013919,0.207734660013919,0.950467699958695,1.3177189,"Fiddler crab","D65","substrato_barradorio"
"X025_ll_br_q_brac_claro",0.158435547100703,0.273153716324467,0.273153716324467,0.33391708285654,1.591492,"Fiddler crab","D65","substrato_barradorio"
"X026_ll_br_c_lep_escuro",0.0678325240327318,0.185967552147945,0.185967552147945,3.06714164744068,1.2070296,"Fiddler crab","D65","substrato_barradorio"
"X026_ll_br_q_lep_escuro",0.0844674222880607,0.228637994621851,0.228637994621851,2.99197381610609,1.4135973,"Fiddler crab","D65","substrato_barradorio"
"X027_ll_br_c_brac_claro",0.0287396505785351,0.0564449735154122,0.0564449735154122,1.10172714555281,0.0147236,"Fiddler crab","D65","substrato_barradorio"
"X027_ll_br_q_brac_claro",0.0501489652423391,0.14165571622687,0.14165571622687,3.24315983429941,0.9348569,"Fiddler crab","D65","substrato_barradorio"
"X028_ll_br_c_brac_claro",0.0866763473831598,0.142295122166853,0.142295122166853,0.0453901560489533,0.9393606,"Fiddler crab","D65","substrato_barradorio"
"X028_ll_br_q_brac_claro",0.161901835835967,0.324749902925929,0.324749902925929,1.22592241272884,1.7645127,"Fiddler crab","D65","substrato_barradorio"
"X029_ll_br_c_lep_escuro",0.0660906445877659,0.103901745661216,0.103901745661217,0.2097792996766,0.624903,"Fiddler crab","D65","substrato_barradorio"
"X029_ll_br_q_lep_escuro",0.146409835976994,0.310407387684719,0.310407387684719,1.55243278118609,1.7193429,"Fiddler crab","D65","substrato_barradorio"
"X030_ll_br_c_brac_claro",0.114711170253103,0.221323735141696,0.221323735141696,0.996960834939087,1.3810838,"Fiddler crab","D65","substrato_barradorio"
"X030_ll_br_q_brac_claro",0.208830138162291,0.413615676776373,0.413615676776374,1.15138677933643,2.0063946,"Fiddler crab","D65","substrato_barradorio"
"X031_ll_br_c_brac_escuro",0.199204470786984,0.336718985247081,0.336718985247081,0.217421769473671,1.8007061,"Fiddler crab","D65","substrato_barradorio"
"X031_ll_br_q_brac_escuro",0.124577900372432,0.232918332069566,0.232918332069566,0.811625622551802,1.4321452,"Fiddler crab","D65","substrato_barradorio"
"X032_ll_br_c_brac_claro",0.150559610872538,0.231282346227932,0.231282346227932,0.346123309938977,1.4250966,"Fiddler crab","D65","substrato_barradorio"
"X032_ll_br_q_brac_claro",0.122927813530349,0.200589419844482,0.200589419844482,0.00968504107220112,1.2827175,"Fiddler crab","D65","substrato_barradorio"
"X033_ll_br_c_brac_escuro",0.0953129587221802,0.153892709887796,0.153892709887796,0.0526166018442105,1.017713,"Fiddler crab","D65","substrato_barradorio"
"X033_ll_br_q_brac_escuro",0.0937126081914217,0.202916902737946,0.202916902737946,1.67669504901872,1.2942539,"Fiddler crab","D65","substrato_barradorio"
"X034_ll_br_c_brac_claro",0.0775239202035804,0.129950307791817,0.129950307791817,0.168211090762241,0.8486095,"Fiddler crab","D65","substrato_barradorio"
"X034_ll_br_q_brac_claro",0.123313706779964,0.233702807600936,0.233702807600936,0.891540622014552,1.4355076,"Fiddler crab","D65","substrato_barradorio"
"X035_ll_br_c_brac_escuro",0.0822737595076878,0.139574134586157,0.139574134586157,0.238792606414539,0.9200532,"Fiddler crab","D65","substrato_barradorio"
"X035_ll_br_q_brac_escuro",0.0861412229074281,0.180790412862301,0.180790412862301,1.49276793847588,1.1787958,"Fiddler crab","D65","substrato_barradorio"
"X036_ll_br_c_brac_claro",0.212890861926569,0.372704840468695,0.372704840468695,0.424192889627157,1.9022441,"Fiddler crab","D65","substrato_barradorio"
"X036_ll_br_q_brac_claro",0.147148507023243,0.282077621105802,0.282077621105802,0.958841109483225,1.6236396,"Fiddler crab","D65","substrato_barradorio"
"X037_ll_br_c_brac_escuro",0.0829760967620619,0.176703056009576,0.176703056009577,1.57860925508666,1.155928,"Fiddler crab","D65","substrato_barradorio"
"X037_ll_br_q_brac_escuro",0.168603673243345,0.321082243143861,0.321082243143861,0.919988602279937,1.7531546,"Fiddler crab","D65","substrato_barradorio"
"X038_ll_br_c_brac_claro",0.0528052430269206,0.0890387442271626,0.0890387442271626,0.202950803596497,0.470529,"Fiddler crab","D65","substrato_barradorio"
"X038_ll_br_q_brac_claro",0.113180926405583,0.204562133018592,0.204562133018592,0.612029656904124,1.3023291,"Fiddler crab","D65","substrato_barradorio"
"X039_ll_br_c_brac_escuro",0.0500513797358831,0.095356314415744,0.0953563144157441,0.92248712551877,0.5390779,"Fiddler crab","D65","substrato_barradorio"
"X039_ll_br_q_brac_escuro",0.242596417277243,0.367843168023689,0.367843168023689,0.422860339691643,1.889114,"Fiddler crab","D65","substrato_barradorio"
"X040_ll_br_c_brac_claro",0.0838714474420231,0.13301862373665,0.13301862373665,0.158010770087729,0.8719465,"Fiddler crab","D65","substrato_barradorio"
"X040_ll_br_q_brac_claro",0.199604320126233,0.27606319320705,0.27606319320705,0.964767250066252,1.6020871,"Fiddler crab","D65","substrato_barradorio"
"X041_ll_br_c_brac_escuro",0.0494153298096355,0.0863062393698927,0.0863062393698927,0.410251413795721,0.4393592,"Fiddler crab","D65","substrato_barradorio"
"X041_ll_br_q_brac_escuro",0.121560385724439,0.205081192183823,0.205081192183823,0.206095667681089,1.3048633,"Fiddler crab","D65","substrato_barradorio"
"X042_ll_br_c_brac_claro",0.0531079058922168,0.0858826094774584,0.0858826094774584,0.0433908457685043,0.4344387,"Fiddler crab","D65","substrato_barradorio"
"X042_ll_br_q_brac_claro",0.213521759549875,0.323482068640358,0.323482068640358,0.427883789398505,1.760601,"Fiddler crab","D65","substrato_barradorio"
"X043_ll_br_c_brac_escuro",0.0461232086369472,0.0657945666885877,0.0657945666885878,0.782521057357023,0.1679946,"Fiddler crab","D65","substrato_barradorio"
"X043_ll_br_q_brac_escuro",0.112891298821149,0.276320659632384,0.276320659632384,2.39896216078857,1.6030194,"Fiddler crab","D65","substrato_barradorio"
"X044_ll_br_c_brac_claro",0.121614033056906,0.229573036917995,0.229573036917995,0.868266032265329,1.4176786,"Fiddler crab","D65","substrato_barradorio"
"X044_ll_br_q_brac_claro",0.220933225242271,0.377118023694844,0.377118023694844,0.275055502381743,1.9140155,"Fiddler crab","D65","substrato_barradorio"
"X045_ll_br_c_brac_escuro",0.149147078973938,0.310294340443788,0.310294340443788,1.44113772333605,1.7189787,"Fiddler crab","D65","substrato_barradorio"
"X045_ll_br_q_brac_escuro",0.100570367704537,0.193773239439921,0.193773239439921,0.988840063688895,1.248146,"Fiddler crab","D65","substrato_barradorio"
"X046_ll_br_c_brac_claro",0.114755084773686,0.193567138157513,0.193567138157513,0.205090637975726,1.2470818,"Fiddler crab","D65","substrato_barradorio"
"X046_ll_br_q_brac_claro",0.222480286239307,0.338998031058169,0.338998031058169,0.393996490373072,1.8074516,"Fiddler crab","D65","substrato_barradorio"
"X047_ll_br_c_brac_escuro",0.0840630070136184,0.121858447862722,0.121858447862722,0.687812888719916,0.7843175,"Fiddler crab","D65","substrato_barradorio"
"X047_ll_br_q_brac_escuro",0.113251880512864,0.228427391305491,0.228427391305491,1.25856052669707,1.4126757,"Fiddler crab","D65","substrato_barradorio"
"X048_ll_br_c_brac_claro",0.0750648983579539,0.137831458501415,0.137831458501415,0.705099472002955,0.907489,"Fiddler crab","D65","substrato_barradorio"
"X048_ll_br_q_brac_claro",0.134778667590575,0.300401475648834,0.300401475648834,1.84712009113785,1.6865772,"Fiddler crab","D65","substrato_barradorio"
"X049_ll_br_c_lep_escuro",0.046978167075011,0.0812961238571126,0.0812961238571126,0.355887729963349,0.3795557,"Fiddler crab","D65","substrato_barradorio"
"X049_ll_br_q_lep_escuro",0.214593180703295,0.348407840986108,0.348407840986108,0.0199729786768466,1.8348311,"Fiddler crab","D65","substrato_barradorio"
"X050_ll_br_c_brac_claro",0.0819211190853028,0.139836474009924,0.139836474009924,0.275168546397361,0.921931,"Fiddler crab","D65","substrato_barradorio"
"X050_ll_br_q_brac_claro",0.228656267868367,0.308859255985121,0.30885925598512,1.10399047169279,1.714343,"Fiddler crab","D65","substrato_barradorio"
"X051_ll_br_c_lep_escuro",0.0575812576299435,0.0938101545004309,0.0938101545004309,0.000334439779884627,0.5227305,"Fiddler crab","D65","substrato_barradorio"
"X051_ll_br_q_lep_escuro",0.10038564988542,0.220872583243537,0.220872583243537,1.7709931090094,1.3790433,"Fiddler crab","D65","substrato_barradorio"
"X052_ll_br_c_brac_claro",0.0992126795254064,0.167106652782952,0.167106652782952,0.196500258567822,1.1000896,"Fiddler crab","D65","substrato_barradorio"
"X052_ll_br_q_brac_claro",0.138132564181313,0.287053962325255,0.287053962325255,1.43446723167,1.6411276,"Fiddler crab","D65","substrato_barradorio"
"X053_ll_br_c_brac_escuro",0.0988885475759249,0.182377678239019,0.182377678239019,0.731072007559563,1.187537,"Fiddler crab","D65","substrato_barradorio"
"X053_ll_br_q_brac_escuro",0.198745536665431,0.36157213617066,0.361572136170661,0.65063869413461,1.8719189,"Fiddler crab","D65","substrato_barradorio"
"X054_ll_br_c_brac_claro",0.0570866672299248,0.0854436129691382,0.0854436129691383,0.499294899660545,0.429314,"Fiddler crab","D65","substrato_barradorio"
"X054_ll_br_q_brac_claro",0.273136633650497,0.36968623758759,0.36968623758759,1.09210724078807,1.894112,"Fiddler crab","D65","substrato_barradorio"
"X055_ll_br_c_brac_escuro",0.0762428314823123,0.12991291489256,0.12991291489256,0.264703764353224,0.8483217,"Fiddler crab","D65","substrato_barradorio"
"X055_ll_br_q_brac_escuro",0.109328459817764,0.228230924614242,0.228230924614242,1.46124780329889,1.4118153,"Fiddler crab","D65","substrato_barradorio"
"X056_ll_br_c_brac_claro",0.0514997077266403,0.104369077622528,0.104369077622528,1.28656949461012,0.6293908,"Fiddler crab","D65","substrato_barradorio"
"X056_ll_br_q_brac_claro",0.0886717893359484,0.196800704546267,0.196800704546267,1.82215847467344,1.2636489,"Fiddler crab","D65","substrato_barradorio"
"X057_ll_br_c_brac_escuro",0.0496207180933899,0.0916161928691536,0.0916161928691536,0.737632343457799,0.4990654,"Fiddler crab","D65","substrato_barradorio"
"X057_ll_br_q_brac_escuro",0.200668008640013,0.362971213456397,0.362971213456397,0.616670538940672,1.8757809,"Fiddler crab","D65","substrato_barradorio"
"X058_ll_br_c_brac_claro",0.108584429402985,0.200608482470772,0.200608482470772,0.741330243708157,1.2828125,"Fiddler crab","D65","substrato_barradorio"
"X058_ll_br_q_brac_claro",0.0898952742312162,0.210553283283484,0.210553283283484,2.13943495081348,1.3311961,"Fiddler crab","D65","substrato_barradorio"
"X059_ll_br_c_brac_escuro",0.0480546745197853,0.0910823244691594,0.0910823244691594,0.892163240121513,0.4932211,"Fiddler crab","D65","substrato_barradorio"
"X059_ll_br_q_brac_escuro",0.225225688320327,0.360777173670701,0.360777173670701,0.0993583006775196,1.8697179,"Fiddler crab","D65","substrato_barradorio"
"X060_ll_br_c_brac_claro",0.0612995205640245,0.104033958672968,0.104033958672968,0.241159506551259,0.6261747,"Fiddler crab","D65","substrato_barradorio"
"X060_ll_br_q_brac_claro",0.132426330157385,0.26458917690122,0.264589176901221,1.20286306273396,1.5596357,"Fiddler crab","D65","substrato_barradorio"
"X061_ll_br_c_brac_escuro",0.0960466065970763,0.184987411967994,0.184987411967994,0.986620175138722,1.2017451,"Fiddler crab","D65","substrato_barradorio"
"X061_ll_br_q_brac_escuro",0.0583229246764521,0.15108681288895,0.15108681288895,2.73320418817489,0.9993119,"Fiddler crab","D65","substrato_barradorio"
"X062_ll_br_c_brac_claro",0.110529531230054,0.187031973850644,0.187031973850644,0.223785300257026,1.2127369,"Fiddler crab","D65","substrato_barradorio"
"X062_ll_br_q_brac_claro",0.169510101548637,0.33922646446686,0.339226464466861,1.21231204040876,1.8081253,"Fiddler crab","D65","substrato_barradorio"
"X063_ll_br_c_brac_escuro",0.0550703986379737,0.104119759208041,0.104119759208041,0.877461774848719,0.6269991,"Fiddler crab","D65","substrato_barradorio"
"X063_ll_br_q_brac_escuro",0.122394653802459,0.290823356891278,0.290823356891278,2.22412274731258,1.6541734,"Fiddler crab","D65","substrato_barradorio"
"X064_ll_br_c_brac_claro",0.0725332936968038,0.131320391850594,0.131320391850594,0.622107668936747,0.8590974,"Fiddler crab","D65","substrato_barradorio"
"X064_ll_br_q_brac_claro",0.096313162540483,0.255678557546724,0.255678557546724,2.87731651357058,1.5253784,"Fiddler crab","D65","substrato_barradorio"
"X065_ll_br_c_brac_escuro",0.156809777228693,0.283594145530727,0.283594145530727,0.615721867630157,1.6290015,"Fiddler crab","D65","substrato_barradorio"
"X065_ll_br_q_brac_escuro",0.129522046621802,0.235443591860061,0.235443591860061,0.645830230585234,1.4429287,"Fiddler crab","D65","substrato_barradorio"
"X066_ll_br_c_lep_claro",0.0678291253715192,0.118621173545292,0.118621173545292,0.417924236709055,0.7573923,"Fiddler crab","D65","substrato_barradorio"
"X066_ll_br_q_lep_claro",0.090318930551716,0.214938616141457,0.214938616141457,2.23319746761869,1.3518098,"Fiddler crab","D65","substrato_barradorio"
"X067_ll_br_c_brac_escuro",0.109902082796275,0.203372867650813,0.203372867650813,0.750900516358667,1.2964984,"Fiddler crab","D65","substrato_barradorio"
"X067_ll_br_q_brac_escuro",0.130607326679711,0.223943633977242,0.223943633977243,0.301580136774112,1.3928517,"Fiddler crab","D65","substrato_barradorio"
"X068_ll_br_c_brac_claro",0.0630944645605837,0.104587106460743,0.104587106460743,0.102342001722337,0.6314776,"Fiddler crab","D65","substrato_barradorio"
"X068_ll_br_q_brac_claro",0.122990940814984,0.218528936829617,0.218528936829617,0.511406226859166,1.3683758,"Fiddler crab","D65","substrato_barradorio"
"X069_ll_br_c_brac_escuro",0.0770903313630486,0.169965109607718,0.169965109607718,1.78306453135011,1.1170505,"Fiddler crab","D65","substrato_barradorio"
"X069_ll_br_q_brac_escuro",0.0947119116108915,0.262226031605395,0.262226031605395,3.12510466793068,1.5506642,"Fiddler crab","D65","substrato_barradorio"
"X070_ll_br_c_brac_claro",0.176126610259588,0.255576391644105,0.255576391644105,0.681774583522406,1.5249787,"Fiddler crab","D65","substrato_barradorio"
"X070_ll_br_q_brac_claro",0.142337438001686,0.299370487554553,0.299370487554552,1.50532490875696,1.6831392,"Fiddler crab","D65","substrato_barradorio"
"X071_ll_br_c_brac_escuro",0.104517080241833,0.152677596043932,0.152677596043932,0.6425317100909,1.0097858,"Fiddler crab","D65","substrato_barradorio"
"X071_ll_br_q_brac_escuro",0.160594023930652,0.288603139920406,0.288603139920406,0.578376293413818,1.6465099,"Fiddler crab","D65","substrato_barradorio"
"X072_ll_br_c_brac_claro",0.167900639259345,0.29430827133751,0.29430827133751,0.431548235628785,1.6660851,"Fiddler crab","D65","substrato_barradorio"
"X072_ll_br_q_brac_claro",0.213152937393503,0.348928855110447,0.348928855110447,0.0285134886708649,1.8363254,"Fiddler crab","D65","substrato_barradorio"
"X073_ll_br_c_brac_escuro",0.0729700262026436,0.134100709415302,0.134100709415302,0.71018917285706,0.8800484,"Fiddler crab","D65","substrato_barradorio"
"X073_ll_br_q_brac_escuro",0.101303906348356,0.234154192733458,0.234154192733458,2.06142630484314,1.4374372,"Fiddler crab","D65","substrato_barradorio"
"X074_ll_br_c_brac_claro",0.214272555223418,0.313610562355146,0.313610562355146,0.631187570400119,1.7296093,"Fiddler crab","D65","substrato_barradorio"
"X074_ll_br_q_brac_claro",0.109035591826295,0.194753835665752,0.194753835665752,0.542367377053668,1.2531937,"Fiddler crab","D65","substrato_barradorio"
"X075_ll_br_c_brac_escuro",0.0588857006496886,0.115125500846921,0.115125500846921,1.07483373124459,0.7274802,"Fiddler crab","D65","substrato_barradorio"
"X075_ll_br_q_brac_escuro",0.0754665067589133,0.153076452255191,0.153076452255191,1.29182116497923,1.0123948,"Fiddler crab","D65","substrato_barradorio"
"X076_ll_br_c_brac_claro",0.100095210481297,0.17637596430127,0.17637596430127,0.462429068663753,1.1540752,"Fiddler crab","D65","substrato_barradorio"
"X076_ll_br_q_brac_claro",0.0861985974335534,0.157104669837855,0.157104669837854,0.661375470475213,1.0383696,"Fiddler crab","D65","substrato_barradorio"
"X077_ll_br_c_brac_escuro",0.120087130992148,0.186919845344695,0.186919845344695,0.268446636267306,1.2121372,"Fiddler crab","D65","substrato_barradorio"
"X077_ll_br_q_brac_escuro",0.0924425849542051,0.177709371048757,0.177709371048757,0.975468512436243,1.1616068,"Fiddler crab","D65","substrato_barradorio"
"X078_ll_br_c_brac_claro",0.0760269770002029,0.116366256664023,0.116366256664023,0.367488462696649,0.7382,"Fiddler crab","D65","substrato_barradorio"
"X078_ll_br_q_brac_claro",0.302173121378614,0.386146900120708,0.386146900120708,1.43072132251192,1.9376752,"Fiddler crab","D65","substrato_barradorio"
"X079_ll_br_c_brac_escuro",0.133455942666482,0.184882043549081,0.184882043549081,0.955022019015442,1.2011754,"Fiddler crab","D65","substrato_barradorio"
"X079_ll_br_q_brac_escuro",0.113587648210682,0.243836142899088,0.243836142899088,1.62577083666383,1.4779538,"Fiddler crab","D65","substrato_barradorio"
"X080_ll_br_c_brac_claro",0.15434114543243,0.213037822836831,0.213037822836831,0.976484323993017,1.3429271,"Fiddler crab","D65","substrato_barradorio"
"X080_ll_br_q_brac_claro",0.114264559051887,0.166791910096157,0.166791910096157,0.646936056718283,1.0982043,"Fiddler crab","D65","substrato_barradorio"
"X081_ll_br_c_brac_escuro",0.187448265941021,0.23973973331383,0.23973973331383,1.4258114474747,1.4610112,"Fiddler crab","D65","substrato_barradorio"
"X081_ll_br_q_brac_escuro",0.0896003274796339,0.135195724466068,0.135195724466068,0.451691915416297,0.8881809,"Fiddler crab","D65","substrato_barradorio"
"X082_ll_br_c_brac_claro",0.0867047781182476,0.147063802056765,0.147063802056765,0.237695727678716,0.9723239,"Fiddler crab","D65","substrato_barradorio"
"X082_ll_br_q_brac_claro",0.128708461241041,0.204741557576164,0.204741557576164,0.140364182677437,1.3032058,"Fiddler crab","D65","substrato_barradorio"
"X083_ll_br_c_brac_escuro",0.042170361700787,0.0690135206513424,0.0690135206513424,0.026902864789644,0.2157598,"Fiddler crab","D65","substrato_barradorio"
"X083_ll_br_q_brac_escuro",0.160544282868849,0.272454453161711,0.272454453161711,0.240901976832045,1.5889288,"Fiddler crab","D65","substrato_barradorio"
"X084_ll_br_c_brac_claro",0.080508229755767,0.122316152422736,0.122316152422736,0.411120900958766,0.7880665,"Fiddler crab","D65","substrato_barradorio"
"X084_ll_br_q_brac_claro",0.19163030082732,0.395026696505054,0.395026696505054,1.386908192081,1.9604107,"Fiddler crab","D65","substrato_barradorio"
"X085_ll_br_c_brac_escuro",0.0991188280297253,0.171720560854297,0.171720560854297,0.362568245199782,1.1273259,"Fiddler crab","D65","substrato_barradorio"
"X085_ll_br_q_brac_escuro",0.0553853968684976,0.176692482425341,0.176692482425341,3.96024371809513,1.1558682,"Fiddler crab","D65","substrato_barradorio"
"X086_ll_br_c_brac_claro",0.0504932451477936,0.120977589941926,0.120977589941925,2.27303322106963,0.7770627,"Fiddler crab","D65","substrato_barradorio"
"X086_ll_br_q_brac_claro",0.0797738895884947,0.18197681192102,0.18197681192102,1.98381043548628,1.1853366,"Fiddler crab","D65","substrato_barradorio"
"X087_ll_br_c_brac_escuro",0.0798524565723138,0.145863789009611,0.145863789009611,0.674540806500101,0.9641306,"Fiddler crab","D65","substrato_barradorio"
"X087_ll_br_q_brac_escuro",0.107984139072806,0.210656448772455,0.210656448772455,1.06198612277737,1.331686,"Fiddler crab","D65","substrato_barradorio"
"X088_ll_br_c_brac_claro",0.102740622886011,0.171034550480501,0.171034550480501,0.127507695850194,1.1233229,"Fiddler crab","D65","substrato_barradorio"
"X088_ll_br_q_brac_claro",0.193962838944822,0.273849611018712,0.273849611018712,0.843264449067238,1.5940364,"Fiddler crab","D65","substrato_barradorio"
"X089_ll_br_c_brac_escuro",0.0717687342470674,0.149839362770186,0.149839362770186,1.46191767256267,0.9910212,"Fiddler crab","D65","substrato_barradorio"
"X089_ll_br_q_brac_escuro",0.160854412298054,0.340337001705208,0.340337001705208,1.54041679842343,1.8113937,"Fiddler crab","D65","substrato_barradorio"
"X090_ll_br_c_lep_claro",0.12864545343487,0.167314574265174,0.167314574265174,1.32702554713348,1.1013331,"Fiddler crab","D65","substrato_barradorio"
"X090_ll_br_q_lep_claro",0.102202388087936,0.1669990423913,0.1669990423913,0.0177590428978042,1.0994454,"Fiddler crab","D65","substrato_barradorio"
"X091_ll_br_c_brac_escuro",0.0481486247225747,0.0755450456687343,0.0755450456687343,0.221458125544745,0.3061865,"Fiddler crab","D65","substrato_barradorio"
"X091_ll_br_q_brac_escuro",0.224212479934363,0.293298327254402,0.293298327254402,1.29296316361437,1.6626476,"Fiddler crab","D65","substrato_barradorio"
"X092_ll_br_c_brac_claro",0.0416854144433237,0.0838778115090232,0.0838778115090232,1.24445252415488,0.4108185,"Fiddler crab","D65","substrato_barradorio"
"X092_ll_br_q_brac_claro",0.150980487619658,0.286273398994511,0.286273398994511,0.894357277329652,1.6384046,"Fiddler crab","D65","substrato_barradorio"
"X093_ll_br_c_lep_escuro",0.0200332032131302,0.0387524129741844,0.0387524129741844,1.01223951526684,0.3613496,"Fiddler crab","D65","substrato_barradorio"
"X093_ll_br_q_lep_escuro",0.0706012386507594,0.154705602234208,0.154705602234208,1.746889961688,1.0229813,"Fiddler crab","D65","substrato_barradorio"
"X094_ll_br_c_brac_claro",0.0565347347403649,0.105914166087052,0.105914166087052,0.823511668093328,0.6440864,"Fiddler crab","D65","substrato_barradorio"
"X094_ll_br_q_brac_claro",0.0333172104762425,0.085501724754324,0.085501724754324,2.67783240929835,0.4299939,"Fiddler crab","D65","substrato_barradorio"
"X095_ll_br_c_brac_escuro",0.0476466942372495,0.0818733383342699,0.0818733383342698,0.314314399728994,0.3866307,"Fiddler crab","D65","substrato_barradorio"
"X095_ll_br_q_brac_escuro",0.201337011589396,0.389262538108675,0.389262538108676,1.009127515091,1.9457114,"Fiddler crab","D65","substrato_barradorio"
"X096_ll_br_c_brac_claro",0.0761402342143194,0.124294852213275,0.124294852213275,0.012141801270332,0.8041139,"Fiddler crab","D65","substrato_barradorio"
"X096_ll_br_q_brac_claro",0.0542255907676147,0.124182835346052,0.124182835346052,2.00690329178946,0.8032123,"Fiddler crab","D65","substrato_barradorio"
"X097_ll_br_c_brac_escuro",0.100378731116453,0.156681802960953,0.156681802960953,0.251921826980353,1.0356744,"Fiddler crab","D65","substrato_barradorio"
"X097_ll_br_q_brac_escuro",0.0505852107050013,0.159892965786626,0.159892965786626,3.90574053413356,1.055962,"Fiddler crab","D65","substrato_barradorio"
"X098_ll_br_c_brac_claro",0.0272106080001965,0.0445839238614748,0.0445839238614748,0.0338658235777163,0.2211693,"Fiddler crab","D65","substrato_barradorio"
"X098_ll_br_q_brac_claro",0.0454817433824587,0.104579347786815,0.104579347786815,2.03066846904772,0.6314034,"Fiddler crab","D65","substrato_barradorio"
"X099_ll_br_c_brac_escuro",0.044401841668912,0.0911362994863933,0.0911362994863933,1.36151059877829,0.4938135,"Fiddler crab","D65","substrato_barradorio"
"X099_ll_br_q_brac_escuro",0.0885627157750975,0.164524364098948,0.164524364098948,0.773860554613537,1.084516,"Fiddler crab","D65","substrato_barradorio"
"X100_ll_br_c_brac_claro",0.0654994346292244,0.131693446141341,0.131693446141341,1.2398888104382,0.8619342,"Fiddler crab","D65","substrato_barradorio"
"X100_ll_br_q_brac_claro",0.0796437181050326,0.130701996265868,0.130701996265868,0.0432366643999677,0.8543772,"Fiddler crab","D65","substrato_barradorio"
"X101_ll_br_c_brac_claro",0.202669743654815,0.330105174189313,0.330105174189313,0.00109416957300773,1.7808687,"Fiddler crab","D65","substrato_barradorio"
"X101_ll_br_q_brac_claro",0.0399729672278333,0.116210152586899,0.116210152586899,3.41283662841633,0.7368576,"Fiddler crab","D65","substrato_barradorio"
"X102_ll_br_c_brac_claro",0.0392694121170191,0.0779168376502631,0.0779168376502632,1.16187632829288,0.3370994,"Fiddler crab","D65","substrato_barradorio"
"X102_ll_br_q_brac_claro",0.0489129820127038,0.143085844631343,0.143085844631343,3.44940061479848,0.9449021,"Fiddler crab","D65","substrato_barradorio"
"X103_ll_br_c_brac_escuro",0.0829339214954,0.129675983344821,0.129675983344821,0.24173909728533,0.8464963,"Fiddler crab","D65","substrato_barradorio"
"X103_ll_br_q_brac_escuro",0.125735126543868,0.205532051404732,0.205532051404732,0.0200655767056962,1.3070593,"Fiddler crab","D65","substrato_barradorio"
"X104_ll_br_c_brac_claro",0.0801557467546089,0.124234268807379,0.124234268807379,0.293577495605915,0.8036264,"Fiddler crab","D65","substrato_barradorio"
"X104_ll_br_q_brac_claro",0.178013153166751,0.32032179717269,0.32032179717269,0.586011448117991,1.7507835,"Fiddler crab","D65","substrato_barradorio"
"X105_ll_br_c_brac_escuro",0.0881203594818919,0.139902637062269,0.139902637062269,0.151887094384603,0.9224041,"Fiddler crab","D65","substrato_barradorio"
"X105_ll_br_q_brac_escuro",0.0417933028403942,0.112813088103681,0.112813088103681,2.9756056834921,0.7071897,"Fiddler crab","D65","substrato_barradorio"
"X106_ll_br_c_brac_claro",0.0613600686304152,0.0934319650161866,0.0934319650161867,0.398012584459945,0.5186909,"Fiddler crab","D65","substrato_barradorio"
"X106_ll_br_q_brac_claro",0.227773894074861,0.345654190791439,0.345654190791439,0.417981672114602,1.8268962,"Fiddler crab","D65","substrato_barradorio"
"X107_ll_br_c_brac_escuro",0.105251353171183,0.154476347008443,0.154476347008443,0.614767844355085,1.0214983,"Fiddler crab","D65","substrato_barradorio"
"X107_ll_br_q_brac_escuro",0.0755267855085885,0.146050349954501,0.146050349954501,1.01024836254806,0.9654088,"Fiddler crab","D65","substrato_barradorio"
"X108_ll_br_c_lep_claro",0.0554820525469543,0.100938753438418,0.100938753438418,0.650745161656246,0.5959713,"Fiddler crab","D65","substrato_barradorio"
"X108_ll_br_q_lep_claro",0.132969032840888,0.236541148178334,0.236541148178334,0.518466549699173,1.4475795,"Fiddler crab","D65","substrato_barradorio"
"X109_ll_br_c_brac_escuro",0.0813946899669002,0.100552301289462,0.100552301289462,1.63018317411233,0.5921354,"Fiddler crab","D65","substrato_barradorio"
"X109_ll_br_q_brac_escuro",0.143250413134134,0.229674641600314,0.229674641600314,0.0939848520937077,1.4181211,"Fiddler crab","D65","substrato_barradorio"
"X110_ll_br_c_lep_claro",0.146114743840305,0.304611688100558,0.304611688100558,1.45325974866872,1.7004952,"Fiddler crab","D65","substrato_barradorio"
"X110_ll_br_q_lep_claro",0.261829000406877,0.445965711786535,0.445965711786535,0.262402758553522,2.0816994,"Fiddler crab","D65","substrato_barradorio"
"X111_ll_br_c_brac_escuro",0.0710555115232518,0.123206559157082,0.123206559157082,0.367587345995906,0.7953196,"Fiddler crab","D65","substrato_barradorio"
"X111_ll_br_q_brac_escuro",0.174558941663644,0.325579752971626,0.325579752971626,0.797414716732916,1.7670648,"Fiddler crab","D65","substrato_barradorio"
"X112_ll_br_c_brac_claro",0.0552992232150989,0.0836964222619161,0.0836964222619161,0.433585234425705,0.4086536,"Fiddler crab","D65","substrato_barradorio"
"X112_ll_br_q_brac_claro",0.0886927377165972,0.164796738320668,0.164796738320668,0.774963045137136,1.0861702,"Fiddler crab","D65","substrato_barradorio"
"X113_ll_br_c_brac_escuro",0.0513075434553894,0.0867145142502652,0.0867145142502652,0.216635513970574,0.4440786,"Fiddler crab","D65","substrato_barradorio"
"X113_ll_br_q_brac_escuro",0.099932859733959,0.1895180299313,0.1895180299313,0.895470496631235,1.2259415,"Fiddler crab","D65","substrato_barradorio"
"X114_ll_br_c_brac_claro",0.16311817001963,0.343007491955041,0.343007491955041,1.50412311697832,1.8192096,"Fiddler crab","D65","substrato_barradorio"
"X114_ll_br_q_brac_claro",0.118902554129832,0.259644075113578,0.259644075113578,1.72644977332151,1.5407691,"Fiddler crab","D65","substrato_barradorio"
"X115_ll_br_c_brac_escuro",0.050155596593276,0.0670439519119204,0.0670439519119205,1.1655531379598,0.1868058,"Fiddler crab","D65","substrato_barradorio"
"X115_ll_br_q_brac_escuro",0.175772227263888,0.284933282840507,0.284933282840507,0.0291867777746294,1.6337124,"Fiddler crab","D65","substrato_barradorio"
"X116_ll_br_c_brac_claro",0.032917281191956,0.0617361949631128,0.0617361949631128,0.829986493658989,0.1043277,"Fiddler crab","D65","substrato_barradorio"
"X116_ll_br_q_brac_claro",0.0500478296645324,0.123952240090093,0.123952240090093,2.46837993052795,0.8013537,"Fiddler crab","D65","substrato_barradorio"
"X117_ll_br_c_brac_escuro",0.0424317445907712,0.0792232971450151,0.0792232971450151,0.803476076662742,0.3537278,"Fiddler crab","D65","substrato_barradorio"
"X117_ll_br_q_brac_escuro",0.0313662887991783,0.0890257354688029,0.0890257354688029,3.27138565334741,0.4703828,"Fiddler crab","D65","substrato_barradorio"
"X118_ll_br_c_brac_claro",0.0481224482933551,0.0892431210810245,0.0892431210810245,0.763653814958274,0.4728217,"Fiddler crab","D65","substrato_barradorio"
"X118_ll_br_q_brac_claro",0.166102446096084,0.280640822263332,0.280640822263332,0.214793534709194,1.618533,"Fiddler crab","D65","substrato_barradorio"
"X119_ll_br_c_brac_escuro",0.0591479168951256,0.0988523936631305,0.0988523936631304,0.150655979639681,0.5750851,"Fiddler crab","D65","substrato_barradorio"
"X119_ll_br_q_brac_escuro",0.222091126824773,0.368437105499362,0.368437105499362,0.107026602642777,1.8907274,"Fiddler crab","D65","substrato_barradorio"
"X120_ll_br_c_brac_claro",0.0743575893226513,0.114269960942959,0.114269960942959,0.343779055620831,0.7200211,"Fiddler crab","D65","substrato_barradorio"
"X120_ll_br_q_brac_claro",0.0706233491181505,0.140434004641216,0.140434004641216,1.17472605507197,0.926195,"Fiddler crab","D65","substrato_barradorio"
"X121_ll_br_c_lep_escuro",0.0357010240913674,0.0580028489352173,0.0580028489352173,0.0159480267448177,0.0419495,"Fiddler crab","D65","substrato_barradorio"
"X121_ll_br_q_lep_escuro",0.162817934714356,0.279943181969128,0.279943181969128,0.317814004477614,1.616044,"Fiddler crab","D65","substrato_barradorio"
"X122_ll_br_c_brac_claro",0.0607273928304682,0.101383673868119,0.101383673868119,0.14435566141193,0.6003694,"Fiddler crab","D65","substrato_barradorio"
"X122_ll_br_q_brac_claro",0.171292093795136,0.261874171179852,0.261874171179852,0.374326707538093,1.5493215,"Fiddler crab","D65","substrato_barradorio"
"X123_ll_br_c_brac_escuro",0.0665857130927959,0.118666869865462,0.118666869865462,0.529215766520393,0.7577775,"Fiddler crab","D65","substrato_barradorio"
"X123_ll_br_q_brac_escuro",0.131336536304359,0.318440363589711,0.318440363589711,2.34319267468569,1.7448926,"Fiddler crab","D65","substrato_barradorio"
"X124_ll_br_c_brac_claro",0.0546894124220954,0.0888214232463378,0.0888214232463378,0.0180399688106788,0.4680852,"Fiddler crab","D65","substrato_barradorio"
"X124_ll_br_q_brac_claro",0.162027021542429,0.30552512703561,0.30552512703561,0.861784496641215,1.7034894,"Fiddler crab","D65","substrato_barradorio"
"X125_ll_br_c_brac_escuro",0.109442588004455,0.148229025405072,0.148229025405072,1.08812407581206,0.9802159,"Fiddler crab","D65","substrato_barradorio"
"X125_ll_br_q_brac_escuro",0.068006591831766,0.150323560436401,0.150323560436401,1.79820894267708,0.9942474,"Fiddler crab","D65","substrato_barradorio"
"X126_ll_br_c_lep_claro",0.0840112089995413,0.130643336576595,0.130643336576595,0.273994839884316,0.8539283,"Fiddler crab","D65","substrato_barradorio"
"X126_ll_br_q_lep_claro",0.0597942523441277,0.152387524268118,0.152387524268118,2.63690732413505,1.0078841,"Fiddler crab","D65","substrato_barradorio"
"X127_ll_br_c_brac_escuro",0.0661421631863445,0.105219194983878,0.105219194983878,0.140124358005145,0.6375031,"Fiddler crab","D65","substrato_barradorio"
"X127_ll_br_q_brac_escuro",0.069613704571636,0.142848082525654,0.142848082525654,1.36000810286596,0.9432391,"Fiddler crab","D65","substrato_barradorio"
"X128_ll_br_c_brac_claro",0.10876846388816,0.151111640305914,0.151111640305914,0.938223214966015,0.9994763,"Fiddler crab","D65","substrato_barradorio"
"X128_ll_br_q_brac_claro",0.232830696084816,0.386524330170276,0.386524330170276,0.111157353602686,1.9386522,"Fiddler crab","D65","substrato_barradorio"
"X129_ll_br_c_brac_escuro",0.0545381908471057,0.104804805659892,0.104804805659892,0.973327748043205,0.633557,"Fiddler crab","D65","substrato_barradorio"
"X129_ll_br_q_brac_escuro",0.0771763493222401,0.206960738932624,0.206960738932624,2.93694933464965,1.3139865,"Fiddler crab","D65","substrato_barradorio"
"X130_ll_br_c_brac_claro",0.101476364167622,0.167581136353147,0.167581136353147,0.0802713493393205,1.102925,"Fiddler crab","D65","substrato_barradorio"
"X130_ll_br_q_brac_claro",0.226629242452,0.366571753051738,0.366571753051738,0.0420748106150451,1.8856516,"Fiddler crab","D65","substrato_barradorio"
"X131_ll_br_c_lep_escuro",0.0878973991336691,0.160125452430438,0.160125452430438,0.658600116154437,1.0574149,"Fiddler crab","D65","substrato_barradorio"
"X131_ll_br_q_lep_escuro",0.0400840405084572,0.115591991052524,0.115591991052524,3.3650574443107,0.731524,"Fiddler crab","D65","substrato_barradorio"
"X132_ll_br_c_brac_claro",0.0545129792845491,0.119536241570171,0.119536241570171,1.75104124015901,0.765077,"Fiddler crab","D65","substrato_barradorio"
"X132_ll_br_q_brac_claro",0.026197240462451,0.0752509105400621,0.0752509105400621,3.34199111962723,0.3022854,"Fiddler crab","D65","substrato_barradorio"
"X133_ll_br_c_brac_escuro",0.0826958211081629,0.14967874872781,0.14967874872781,0.620504042405518,0.9899487,"Fiddler crab","D65","substrato_barradorio"
"X133_ll_br_q_brac_escuro",0.117550325749295,0.226139537327505,0.226139537327505,0.97973451136516,1.4026096,"Fiddler crab","D65","substrato_barradorio"
"X134_ll_br_c_brac_claro",0.0884405327413608,0.154270516530017,0.154270516530017,0.402803720353437,1.020165,"Fiddler crab","D65","substrato_barradorio"
"X134_ll_br_q_brac_claro",0.106636791425644,0.219452694214089,0.21945269421409,1.3770249386531,1.372594,"Fiddler crab","D65","substrato_barradorio"
"X135_ll_br_c_brac_escuro",0.0541132697733445,0.0682377289430853,0.0682377289430854,1.50908985215107,0.204455,"Fiddler crab","D65","substrato_barradorio"
"X135_ll_br_q_brac_escuro",0.0749914996112218,0.169401937461764,0.169401937461764,1.92616020582219,1.1137316,"Fiddler crab","D65","substrato_barradorio"
"X136_ll_br_c_brac_claro",0.168705603880843,0.223984456543156,0.223984456543156,1.20560393567666,1.393034,"Fiddler crab","D65","substrato_barradorio"
"X136_ll_br_q_brac_claro",0.108201568765694,0.194894370990366,0.194894370990366,0.591863903396578,1.2539151,"Fiddler crab","D65","substrato_barradorio"
"X137_ll_br_c_brac_escuro",0.0533251396722096,0.0842529658761745,0.0842529658761744,0.180331887467069,0.4152811,"Fiddler crab","D65","substrato_barradorio"
"X137_ll_br_q_brac_escuro",0.189903571169124,0.297159745514075,0.297159745514075,0.237268441035285,1.6757272,"Fiddler crab","D65","substrato_barradorio"
"X138_ll_br_c_brac_claro",0.183208484959356,0.277928090391963,0.277928090391962,0.420030728035099,1.6088198,"Fiddler crab","D65","substrato_barradorio"
"X138_ll_br_q_brac_claro",0.0742204515553507,0.182339004053461,0.182339004053461,2.42071318543203,1.187325,"Fiddler crab","D65","substrato_barradorio"
"X139_ll_br_c_brac_escuro",0.152811986704482,0.291924092403441,0.291924092403441,0.938485471844474,1.6579512,"Fiddler crab","D65","substrato_barradorio"
"X139_ll_br_q_brac_escuro",0.0763376005672421,0.190796037974797,0.190796037974797,2.5221329396555,1.2326623,"Fiddler crab","D65","substrato_barradorio"
"X140_ll_br_c_brac_claro",0.101292398243077,0.20583654019762,0.20583654019762,1.30256003933768,1.3085397,"Fiddler crab","D65","substrato_barradorio"
"X140_ll_br_q_brac_claro",0.228258834923377,0.363882895842322,0.363882895842323,0.127676079480514,1.8782894,"Fiddler crab","D65","substrato_barradorio"
"X141_ll_br_c_lep_escuro",0.076697487856019,0.12659658524333,0.12659658524333,0.0772947683915981,0.8224629,"Fiddler crab","D65","substrato_barradorio"
"X141_ll_br_q_lep_escuro",0.0698230777269957,0.247784656044811,0.247784656044811,4.58780449486332,1.4940174,"Fiddler crab","D65","substrato_barradorio"
"X142_ll_br_c_brac_claro",0.0902625083475097,0.179506058526801,0.179506058526801,1.17537381584821,1.1716663,"Fiddler crab","D65","substrato_barradorio"
"X142_ll_br_q_brac_claro",0.220533641946749,0.469669667078494,0.469669667078494,1.57897022473187,2.133487,"Fiddler crab","D65","substrato_barradorio"
"X143_ll_br_c_brac_escuro",0.17045258147481,0.322818381652559,0.322818381652559,0.88749862624116,1.7585472,"Fiddler crab","D65","substrato_barradorio"
"X143_ll_br_q_brac_escuro",0.194616421789585,0.392069905895259,0.39206990589526,1.25152230019351,1.9528975,"Fiddler crab","D65","substrato_barradorio"
"X144_ll_br_c_brac_claro",0.117752579368466,0.222130670502904,0.222130670502904,0.864207947852394,1.3847232,"Fiddler crab","D65","substrato_barradorio"
"X144_ll_br_q_brac_claro",0.362469640383934,0.572639639173001,0.572639639173,0.180921092972661,2.331714,"Fiddler crab","D65","substrato_barradorio"
"X145_ll_br_c_lep_escuro",0.0803621590516991,0.149271142494896,0.149271142494896,0.773113839656738,0.9872217,"Fiddler crab","D65","substrato_barradorio"
"X145_ll_br_q_lep_escuro",0.0975828729411136,0.275892053376467,0.275892053376467,3.24849839205599,1.601467,"Fiddler crab","D65","substrato_barradorio"
"X146_ll_br_c_brac_claro",0.076035255381003,0.172745686966082,0.172745686966082,1.95988875941383,1.1332778,"Fiddler crab","D65","substrato_barradorio"
"X146_ll_br_q_brac_claro",0.212714096963106,0.471014015318117,0.471014015318117,1.80854126031389,2.1363452,"Fiddler crab","D65","substrato_barradorio"
"X147_ll_br_c_lep_escuro",0.11116606491082,0.201590696785816,0.201590696785816,0.631652596656594,1.2876967,"Fiddler crab","D65","substrato_barradorio"
"X147_ll_br_q_lep_escuro",0.154878875932867,0.336728829179231,0.336728829179231,1.70068228908055,1.8007353,"Fiddler crab","D65","substrato_barradorio"
"X148_ll_br_c_brac_claro",0.0749133904044797,0.15282590765322,0.15282590765322,1.32551608550727,1.0107568,"Fiddler crab","D65","substrato_barradorio"
"X148_ll_br_q_brac_claro",0.0808109804782995,0.233830327388572,0.233830327388572,3.38505968563207,1.4360531,"Fiddler crab","D65","substrato_barradorio"
"X149_ll_br_c_lep_escuro",0.148155698512352,0.241822882444733,0.241822882444733,0.0113290604969259,1.4696629,"Fiddler crab","D65","substrato_barradorio"
"X149_ll_br_q_lep_escuro",0.180158267245093,0.332558584447424,0.332558584447424,0.736340266522334,1.7882734,"Fiddler crab","D65","substrato_barradorio"
"X150_ll_br_c_lep_claro",0.0934258310994561,0.165957312783239,0.165957312783239,0.509962510012231,1.093188,"Fiddler crab","D65","substrato_barradorio"
"X150_ll_br_q_lep_claro",0.225514287216509,0.340893068317635,0.340893068317635,0.440962948143155,1.8130262,"Fiddler crab","D65","substrato_barradorio"
"X151_ll_br_c_brac_escuro",0.0769004881113144,0.181773493922073,0.181773493922073,2.19338586697278,1.1842187,"Fiddler crab","D65","substrato_barradorio"
"X151_ll_br_q_brac_escuro",0.161472395286604,0.335413755509277,0.335413755509276,1.43195861548485,1.7968222,"Fiddler crab","D65","substrato_barradorio"
"X152_ll_br_c_lep_claro",0.0647736215084534,0.132079266540616,0.132079266540616,1.32278805595972,0.8648596,"Fiddler crab","D65","substrato_barradorio"
"X152_ll_br_q_lep_claro",0.0831573828567612,0.178805234924711,0.178805234924711,1.63543736774813,1.1677545,"Fiddler crab","D65","substrato_barradorio"
"X153_ll_br_c_brac_escuro",0.128128393661756,0.239707169697075,0.239707169697075,0.815329421425851,1.4608754,"Fiddler crab","D65","substrato_barradorio"
"X153_ll_br_q_brac_escuro",0.225050848070934,0.432166254196668,0.432166254196667,0.969117947553427,2.0502677,"Fiddler crab","D65","substrato_barradorio"
"X154_ll_br_c_brac_claro",0.10920072673233,0.175913865236657,0.175913865236657,0.0660701105037414,1.1514518,"Fiddler crab","D65","substrato_barradorio"
"X154_ll_br_q_brac_claro",0.121455450473458,0.258020707473501,0.258020707473501,1.56431516146718,1.5344972,"Fiddler crab","D65","substrato_barradorio"
"X155_ll_br_c_brac_escuro",0.125825141996929,0.26045887766658,0.26045887766658,1.41145928662676,1.5439023,"Fiddler crab","D65","substrato_barradorio"
"X155_ll_br_q_brac_escuro",0.125416580411036,0.296606948852684,0.296606948852683,2.19643743866152,1.6738652,"Fiddler crab","D65","substrato_barradorio"
"X156_ll_br_c_brac_claro",0.0708712230911964,0.125799089136598,0.125799089136598,0.505595540012508,0.8161435,"Fiddler crab","D65","substrato_barradorio"
"X156_ll_br_q_brac_claro",0.127884868224238,0.244320446450496,0.244320446450496,0.938867229087566,1.479938,"Fiddler crab","D65","substrato_barradorio"
"X157_ll_br_c_brac_escuro",0.0448874329033104,0.0659007221157565,0.0659007221157566,0.61298904173849,0.1696067,"Fiddler crab","D65","substrato_barradorio"
"X157_ll_br_q_brac_escuro",0.0671863806269091,0.157885409994905,0.157885409994905,2.15891329002272,1.0433269,"Fiddler crab","D65","substrato_barradorio"
"X158_ll_br_c_brac_claro",0.131940101242813,0.294558556016251,0.294558556016251,1.85680672140998,1.6669352,"Fiddler crab","D65","substrato_barradorio"
"X158_ll_br_q_brac_claro",0.15341144773432,0.337999281760513,0.337999281760513,1.77896889900087,1.8045011,"Fiddler crab","D65","substrato_barradorio"
"X159_ll_br_c_brac_escuro",0.0415381974050412,0.0669887042160393,0.0669887042160393,0.0595657107174718,0.1859814,"Fiddler crab","D65","substrato_barradorio"
"X159_ll_br_q_brac_escuro",0.0782096672601833,0.197106534419548,0.197106534419548,2.57111025918308,1.2652017,"Fiddler crab","D65","substrato_barradorio"
"X160_ll_br_c_brac_claro",0.0641842372381818,0.0997874925557822,0.0997874925557821,0.275382904961642,0.5845002,"Fiddler crab","D65","substrato_barradorio"
"X160_ll_br_q_brac_claro",0.167203715300538,0.246293592264273,0.246293592264273,0.593426736499427,1.4879816,"Fiddler crab","D65","substrato_barradorio"
"X161_ll_br_c_lep_escuro",0.0654996099023701,0.132924839827469,0.132924839827469,1.29471512722145,0.8712412,"Fiddler crab","D65","substrato_barradorio"
"X161_ll_br_q_lep_escuro",0.212363936346522,0.372581726328566,0.372581726328566,0.436848832076986,1.9019138,"Fiddler crab","D65","substrato_barradorio"
"X162_ll_br_c_brac_claro",0.0989963867832416,0.175966846028516,0.175966846028516,0.513789831405737,1.151753,"Fiddler crab","D65","substrato_barradorio"
"X162_ll_br_q_brac_claro",0.259265763116714,0.426849511420214,0.426849511420214,0.0622174207036623,2.0378889,"Fiddler crab","D65","substrato_barradorio"
"X163_ll_br_c_brac_escuro",0.0653967347659263,0.122120255198309,0.122120255198309,0.804420602543764,0.7864636,"Fiddler crab","D65","substrato_barradorio"
"X163_ll_br_q_brac_escuro",0.108713525572845,0.269748363142452,0.269748363142452,2.47931728152335,1.5789469,"Fiddler crab","D65","substrato_barradorio"
"X164_ll_br_c_brac_claro",0.10385349430575,0.17851778525134,0.17851778525134,0.316358464610195,1.1661456,"Fiddler crab","D65","substrato_barradorio"
"X164_ll_br_q_brac_claro",0.147224805573976,0.314965679027556,0.314965679027556,1.60562586428681,1.733921,"Fiddler crab","D65","substrato_barradorio"
"X165_ll_br_c_brac_escuro",0.100127185577913,0.1687051715958,0.1687051715958,0.198533113618843,1.10961,"Fiddler crab","D65","substrato_barradorio"
"X165_ll_br_q_brac_escuro",0.157418908916298,0.323658617841182,0.323658617841182,1.37154924724539,1.7611467,"Fiddler crab","D65","substrato_barradorio"
"X166_ll_br_c_brac_claro",0.0677305527253667,0.132394782898011,0.132394782898011,1.07381023853747,0.8672456,"Fiddler crab","D65","substrato_barradorio"
"X166_ll_br_q_brac_claro",0.151836502852658,0.293230247847417,0.293230247847417,1.0025277568676,1.6624155,"Fiddler crab","D65","substrato_barradorio"
"X167_ll_br_c_lep_escuro",0.061526425308587,0.127323082730326,0.127323082730326,1.40974599011941,0.8281852,"Fiddler crab","D65","substrato_barradorio"
"X167_ll_br_q_lep_escuro",0.121243424657626,0.222382337948782,0.222382337948782,0.698731221652886,1.3858555,"Fiddler crab","D65","substrato_barradorio"
"X168_ll_br_c_lep_claro",0.0717509611689046,0.137628507741541,0.137628507741541,0.962476081622756,0.9060154,"Fiddler crab","D65","substrato_barradorio"
"X168_ll_br_q_lep_claro",0.203775263020477,0.346156563026503,0.346156563026503,0.246628285216277,1.8283485,"Fiddler crab","D65","substrato_barradorio"
"X169_ll_br_c_brac_escuro",0.0636288453829639,0.111760106534576,0.111760106534576,0.443524081273836,0.697812,"Fiddler crab","D65","substrato_barradorio"
"X169_ll_br_q_brac_escuro",0.0855864256060124,0.21355435161226,0.213554351612261,2.51226470972057,1.3453487,"Fiddler crab","D65","substrato_barradorio"
"X170_ll_br_c_lep_claro",0.0546813524736498,0.0843296365272166,0.0843296365272166,0.322962812959935,0.4161907,"Fiddler crab","D65","substrato_barradorio"
"X170_ll_br_q_lep_claro",0.174264138859533,0.293305869169948,0.293305869169948,0.192242149554686,1.6626733,"Fiddler crab","D65","substrato_barradorio"
"X171_ll_br_c_brac_escuro",0.0473061663234267,0.0684076839782876,0.0684076839782876,0.702243774835633,0.2069425,"Fiddler crab","D65","substrato_barradorio"
"X171_ll_br_q_brac_escuro",0.130802206076259,0.212293228296143,0.212293228296143,0.0220208252153281,1.3394258,"Fiddler crab","D65","substrato_barradorio"
"X172_ll_br_c_brac_claro",0.056882512169263,0.106972409778811,0.106972409778811,0.845957648946179,0.6540283,"Fiddler crab","D65","substrato_barradorio"
"X172_ll_br_q_brac_claro",0.227993016002229,0.316146385165893,0.316146385165893,0.949460976502297,1.7376627,"Fiddler crab","D65","substrato_barradorio"
"X173_ll_br_c_brac_escuro",0.0366324858129319,0.0531457446464111,0.0531457446464111,0.683045252375199,0.0455046,"Fiddler crab","D65","substrato_barradorio"
"X173_ll_br_q_brac_escuro",0.148403409985693,0.264664536852035,0.264664536852034,0.533332886647224,1.5599205,"Fiddler crab","D65","substrato_barradorio"
"X174_ll_br_c_lep_claro",0.0887882867190831,0.114404328288732,0.114404328288732,1.38201101476295,0.7211963,"Fiddler crab","D65","substrato_barradorio"
"X174_ll_br_q_lep_claro",0.162473119741031,0.276189243335157,0.276189243335157,0.250754793137292,1.6025436,"Fiddler crab","D65","substrato_barradorio"
"X175_ll_br_c_brac_escuro",0.0441032149364674,0.0780866349479673,0.0780866349479672,0.490655559086844,0.3392763,"Fiddler crab","D65","substrato_barradorio"
"X175_ll_br_q_brac_escuro",0.0386280860078051,0.127112105196507,0.127112105196507,4.14288301769813,0.8265268,"Fiddler crab","D65","substrato_barradorio"
"X176_ll_br_c_brac_claro",0.102640911192062,0.184668214864802,0.184668214864802,0.585160086010373,1.2000181,"Fiddler crab","D65","substrato_barradorio"
"X176_ll_br_q_brac_claro",0.137069205482875,0.297766338481064,0.297766338481064,1.69590078987231,1.6777664,"Fiddler crab","D65","substrato_barradorio"
"X177_ll_br_c_brac_escuro",0.0810266856298036,0.147660731398548,0.147660731398548,0.660670547671836,0.9763746,"Fiddler crab","D65","substrato_barradorio"
"X177_ll_br_q_brac_escuro",0.178140826326515,0.348241966927801,0.348241966927801,1.07423617652462,1.8343549,"Fiddler crab","D65","substrato_barradorio"
"X178_ll_br_c_lep_claro",0.263977323378275,0.417233183413025,0.417233183413025,0.17817422826125,2.0151026,"Fiddler crab","D65","substrato_barradorio"
"X178_ll_br_q_lep_claro",0.154719039868436,0.362394331458974,0.362394331458974,2.13960425053872,1.8741903,"Fiddler crab","D65","substrato_barradorio"
"X179_ll_br_c_brac_escuro",0.101518469449339,0.181646824165704,0.181646824165704,0.552747161693207,1.1835216,"Fiddler crab","D65","substrato_barradorio"
"X179_ll_br_q_brac_escuro",0.132349198352251,0.320302468563348,0.320302468563347,2.33228958561297,1.7507231,"Fiddler crab","D65","substrato_barradorio"
"X180_ll_br_c_brac_claro",0.0785252063533067,0.118246366058043,0.118246366058044,0.463559181607875,0.7542276,"Fiddler crab","D65","substrato_barradorio"
"X180_ll_br_q_brac_claro",0.142077321791631,0.255619944031808,0.255619944031808,0.585137309640945,1.5251491,"Fiddler crab","D65","substrato_barradorio"
"X181_ll_br_c_brac_escuro",0.0610090139464913,0.116018329098807,0.116018329098807,0.911621748357426,0.7352055,"Fiddler crab","D65","substrato_barradorio"
"X181_ll_br_q_brac_escuro",0.136892835355189,0.234336150227365,0.234336150227365,0.291911377665126,1.438214,"Fiddler crab","D65","substrato_barradorio"
"X182_ll_br_c_brac_claro",0.156996343656363,0.297985220389283,0.297985220389283,0.900395295519042,1.6785012,"Fiddler crab","D65","substrato_barradorio"
"X182_ll_br_q_brac_claro",0.162250432858022,0.298455592945142,0.298455592945142,0.715715255848673,1.6800785,"Fiddler crab","D65","substrato_barradorio"
"X183_ll_br_c_brac_escuro",0.0557809252751146,0.1167191331648,0.1167191331648,1.47502052162682,0.7412278,"Fiddler crab","D65","substrato_barradorio"
"X183_ll_br_q_brac_escuro",0.171052958910452,0.373616126694412,0.373616126694413,1.72791227528379,1.9046862,"Fiddler crab","D65","substrato_barradorio"
"X184_ll_br_c_lep_claro",0.112006082136726,0.316272810798138,0.316272810798138,3.24109916444123,1.7380625,"Fiddler crab","D65","substrato_barradorio"
"X184_ll_br_q_lep_claro",0.112781185216795,0.287142316180612,0.287142316180613,2.63108078880847,1.6414353,"Fiddler crab","D65","substrato_barradorio"
"X185_ll_br_c_brac_escuro",0.0688089604977263,0.108816996037347,0.108816996037347,0.174924457620158,0.6711249,"Fiddler crab","D65","substrato_barradorio"
"X185_ll_br_q_brac_escuro",0.224763344322271,0.352499860692321,0.352499860692321,0.224017574204532,1.8465076,"Fiddler crab","D65","substrato_barradorio"
"X186_ll_br_c_brac_claro",0.093425994331128,0.180150848876626,0.180150848876626,0.993518653064011,1.1752519,"Fiddler crab","D65","substrato_barradorio"
"X186_ll_br_q_brac_claro",0.130595569150797,0.269126051518682,0.269126051518681,1.38507692731046,1.5766372,"Fiddler crab","D65","substrato_barradorio"
"X187_ll_br_c_lep_escuro",0.105917686949757,0.206497921794426,0.206497921794426,1.05835541479007,1.3117477,"Fiddler crab","D65","substrato_barradorio"
"X187_ll_br_q_lep_escuro",0.183690187765991,0.32722449015057,0.327224490150569,0.526656953938208,1.7721038,"Fiddler crab","D65","substrato_barradorio"
"X188_ll_br_c_brac_claro",0.139665259727519,0.26129949433287,0.26129949433287,0.815526611186728,1.5471246,"Fiddler crab","D65","substrato_barradorio"
"X188_ll_br_q_brac_claro",0.319321332071911,0.49137603767742,0.49137603767742,0.335919533559899,2.178667,"Fiddler crab","D65","substrato_barradorio"
"X189_ll_br_c_brac_escuro",0.0720103764821182,0.150080917948256,0.150080917948256,1.45160272203216,0.992632,"Fiddler crab","D65","substrato_barradorio"
"X189_ll_br_q_brac_escuro",0.157777556618165,0.270663043417363,0.270663043417363,0.3044640878835,1.582332,"Fiddler crab","D65","substrato_barradorio"
"X190_ll_br_c_brac_claro",0.0728531283961245,0.14655221958234,0.14655221958234,1.24284101028559,0.9688392,"Fiddler crab","D65","substrato_barradorio"
"X190_ll_br_q_brac_claro",0.222517727141433,0.341706404834115,0.341706404834115,0.348097427721757,1.8154093,"Fiddler crab","D65","substrato_barradorio"
"X191_ll_br_c_brac_escuro",0.0483828060149706,0.0852641947703179,0.0852641947703179,0.463101216281677,0.427212,"Fiddler crab","D65","substrato_barradorio"
"X191_ll_br_q_brac_escuro",0.142619554971909,0.306500602356514,0.306500602356514,1.63235521498928,1.7066771,"Fiddler crab","D65","substrato_barradorio"
"X192_ll_br_c_brac_claro",0.10584400752732,0.195377941541393,0.195377941541392,0.736276332481231,1.2563932,"Fiddler crab","D65","substrato_barradorio"
"X192_ll_br_q_brac_claro",0.16422665993791,0.322807823332977,0.322807823332977,1.10656555066913,1.7585145,"Fiddler crab","D65","substrato_barradorio"
"X193_ll_br_c_lep_escuro",0.0511321132147096,0.091838709878305,0.091838709878305,0.575124841563624,0.5014912,"Fiddler crab","D65","substrato_barradorio"
"X193_ll_br_q_lep_escuro",0.100460574795375,0.20812657464242,0.20812657464242,1.41634573812546,1.3196038,"Fiddler crab","D65","substrato_barradorio"
"X194_ll_br_c_brac_claro",0.121418730283067,0.217345487559377,0.217345487559377,0.555219179442716,1.3629455,"Fiddler crab","D65","substrato_barradorio"
"X194_ll_br_q_brac_claro",0.175863077177182,0.278841570232325,0.278841570232325,0.159577349121437,1.6121011,"Fiddler crab","D65","substrato_barradorio"
"X195_ll_br_c_brac_escuro",0.058769467575855,0.123136758673482,0.123136758673482,1.48288489343494,0.7947529,"Fiddler crab","D65","substrato_barradorio"
"X195_ll_br_q_brac_escuro",0.159774415646404,0.306008154485993,0.306008154485993,0.953590108203789,1.7050691,"Fiddler crab","D65","substrato_barradorio"
"X196_ll_br_c_brac_claro",0.0599055171836141,0.090448828841461,0.0904488288414609,0.447855320674049,0.4862416,"Fiddler crab","D65","substrato_barradorio"
"X196_ll_br_q_brac_claro",0.267540934060725,0.418906240457449,0.418906240457449,0.233608508119782,2.0191045,"Fiddler crab","D65","substrato_barradorio"
"X197_ll_br_c_brac_escuro",0.137823442500961,0.258867895006813,0.258867895006813,0.838659197977392,1.5377752,"Fiddler crab","D65","substrato_barradorio"
"X197_ll_br_q_brac_escuro",0.0789521229805608,0.16449532664562,0.16449532664562,1.44969444488295,1.0843395,"Fiddler crab","D65","substrato_barradorio"
"X198_ll_br_c_brac_claro",0.0701057599948653,0.112694990763465,0.112694990763465,0.0786020533519792,0.7061423,"Fiddler crab","D65","substrato_barradorio"
"X198_ll_br_q_brac_claro",0.12484403445278,0.227853835242386,0.227853835242386,0.66951163202086,1.4101617,"Fiddler crab","D65","substrato_barradorio"
"X199_ll_br_c_lep_escuro",0.0771521936088277,0.108350966618,0.108350966618,0.874594371654714,0.666833,"Fiddler crab","D65","substrato_barradorio"
"X199_ll_br_q_lep_escuro",0.0860538489554118,0.17389817183048,0.17389817183048,1.26971295175221,1.1399273,"Fiddler crab","D65","substrato_barradorio"
"X200_ll_br_c_brac_claro",0.133418572749029,0.261941493911335,0.261941493911335,1.09961349969063,1.5495785,"Fiddler crab","D65","substrato_barradorio"
"X200_ll_br_q_brac_claro",0.343429681722031,0.460301483688785,0.460301483688785,1.14975521271555,2.113339,"Fiddler crab","D65","substrato_barradorio"
"X201_ll_br_c_brac_escuro",0.0522497101470179,0.0720771525439194,0.0720771525439195,0.980029135443229,0.2591945,"Fiddler crab","D65","substrato_barradorio"
"X201_ll_br_q_brac_escuro",0.18519179558834,0.286787546009929,0.286787546009929,0.298573254560006,1.640199,"Fiddler crab","D65","substrato_barradorio"
"X202_ll_br_c_brac_claro",0.108232419885308,0.184607555364577,0.184607555364577,0.270657343752059,1.1996896,"Fiddler crab","D65","substrato_barradorio"
"X202_ll_br_q_brac_claro",0.291822739881918,0.365453425347812,0.365453425347812,1.54990112694323,1.8825962,"Fiddler crab","D65","substrato_barradorio"
"X203_ll_br_c_brac_escuro",0.0694284354690666,0.100275573008657,0.100275573008657,0.709426179574277,0.5893795,"Fiddler crab","D65","substrato_barradorio"
"X203_ll_br_q_brac_escuro",0.165376964457471,0.30028419410007,0.30028419410007,0.639239935354863,1.6861867,"Fiddler crab","D65","substrato_barradorio"
"X204_ll_br_c_brac_claro",0.123139876515892,0.189937021070666,0.189937021070666,0.322014023495801,1.2281499,"Fiddler crab","D65","substrato_barradorio"
"X204_ll_br_q_brac_claro",0.144017742180526,0.32424373670712,0.32424373670712,1.90647644155193,1.7629529,"Fiddler crab","D65","substrato_barradorio"
"X205_ll_br_c_brac_escuro",0.0545770143802674,0.09413302467802,0.09413302467802,0.336328867915867,0.5261663,"Fiddler crab","D65","substrato_barradorio"
"X205_ll_br_q_brac_escuro",0.155995569410049,0.270174419713714,0.270174419713714,0.360747726858083,1.5805251,"Fiddler crab","D65","substrato_barradorio"
"X206_ll_br_c_lep_claro",0.0806364544481297,0.170112102259312,0.170112102259312,1.5231526998827,1.117915,"Fiddler crab","D65","substrato_barradorio"
"X206_ll_br_q_lep_claro",0.098718909917519,0.179984894101495,0.179984894101495,0.663367414830798,1.1743303,"Fiddler crab","D65","substrato_barradorio"
"X207_ll_br_c_brac_escuro",0.0427312225776233,0.0783929019644395,0.0783929019644394,0.699943210601527,0.3431907,"Fiddler crab","D65","substrato_barradorio"
"X207_ll_br_q_brac_escuro",0.0948549067449558,0.232541376318533,0.232541376318533,2.40829091438193,1.4305255,"Fiddler crab","D65","substrato_barradorio"
"X208_ll_br_c_brac_claro",0.100764773488037,0.164921620752301,0.164921620752301,0.027472782015868,1.0869277,"Fiddler crab","D65","substrato_barradorio"
"X208_ll_br_q_brac_claro",0.312798577460512,0.393854570060195,0.393854570060195,1.51790461797197,1.9574391,"Fiddler crab","D65","substrato_barradorio"
"X209_ll_br_c_brac_escuro",0.208857569258084,0.368455138755757,0.368455138755757,0.46932566713429,1.8907763,"Fiddler crab","D65","substrato_barradorio"
"X209_ll_br_q_brac_escuro",0.171611168397604,0.320966233108809,0.320966233108809,0.813676208656481,1.7527933,"Fiddler crab","D65","substrato_barradorio"
"X210_ll_br_c_brac_claro",0.104059865718707,0.155610904589991,0.155610904589991,0.504561344836665,1.028816,"Fiddler crab","D65","substrato_barradorio"
"X210_ll_br_q_brac_claro",0.149279293492457,0.229098261520446,0.229098261520446,0.351710361442698,1.4156083,"Fiddler crab","D65","substrato_barradorio"
"X211_ll_br_c_brac_escuro",0.0584706474902829,0.0972852769415989,0.0972852769415988,0.124353927027058,0.559105,"Fiddler crab","D65","substrato_barradorio"
"X211_ll_br_q_brac_escuro",0.0890024356057036,0.178375395931521,0.178375395931521,1.22098093279519,1.1653476,"Fiddler crab","D65","substrato_barradorio"
"X212_ll_br_c_brac_claro",0.0802943487807422,0.127048209381609,0.127048209381609,0.171778927501687,0.826024,"Fiddler crab","D65","substrato_barradorio"
"X212_ll_br_q_brac_claro",0.158477456186945,0.26671832090825,0.26671832090825,0.191870763486771,1.5676505,"Fiddler crab","D65","substrato_barradorio"
"X213_ll_br_c_brac_escuro",0.0470553651171043,0.0783946623832267,0.0783946623832267,0.13206238050484,0.3432132,"Fiddler crab","D65","substrato_barradorio"
"X213_ll_br_q_brac_escuro",0.111105233947969,0.258851878598253,0.258851878598253,2.1081149513528,1.5377133,"Fiddler crab","D65","substrato_barradorio"
"X214_ll_br_c_lep_claro",0.102839720198902,0.153735959845537,0.153735959845538,0.506490579474386,1.0166939,"Fiddler crab","D65","substrato_barradorio"
"X214_ll_br_q_lep_claro",0.105470089361951,0.218882095871005,0.218882095871005,1.4265088875175,1.3699906,"Fiddler crab","D65","substrato_barradorio"
"X215_ll_br_c_brac_escuro",0.202779602558843,0.306174950331407,0.306174950331407,0.447729644524574,1.705614,"Fiddler crab","D65","substrato_barradorio"
"X215_ll_br_q_brac_escuro",0.180317061599782,0.328339525674557,0.328339525674557,0.655913624219898,1.7755056,"Fiddler crab","D65","substrato_barradorio"
"X216_ll_br_c_brac_claro",0.0931630113287176,0.158530415586777,0.158530415586777,0.256776860304374,1.0474038,"Fiddler crab","D65","substrato_barradorio"
"X216_ll_br_q_brac_claro",0.0853126417301844,0.179727309751098,0.179727309751098,1.51496971023796,1.1728981,"Fiddler crab","D65","substrato_barradorio"
"X217_ll_br_c_lep_escuro",0.0646135906169133,0.123744678892274,0.123744678892274,0.953276623477739,0.7996778,"Fiddler crab","D65","substrato_barradorio"
"X217_ll_br_q_lep_escuro",0.169728955438195,0.302479112337746,0.302479112337746,0.529093919887932,1.6934696,"Fiddler crab","D65","substrato_barradorio"
"X218_ll_br_c_brac_claro",0.200135698367197,0.338849648273351,0.338849648273351,0.227108796847008,1.8070138,"Fiddler crab","D65","substrato_barradorio"
"X218_ll_br_q_brac_claro",0.103611901552377,0.278052768403737,0.278052768403737,2.94120760760665,1.6092683,"Fiddler crab","D65","substrato_barradorio"
"X219_ll_br_c_brac_claro",0.0613929944465065,0.0955465724010466,0.0955465724010466,0.269296658069762,0.5410711,"Fiddler crab","D65","substrato_barradorio"
"X219_ll_br_q_brac_escuro",0.152536944478556,0.277135351291079,0.277135351291079,0.642759885494329,1.6059634,"Fiddler crab","D65","substrato_barradorio"
"X220_ll_br_c_brac_claro",0.20021869557199,0.292002125190691,0.292002125190692,0.652119748393013,1.6582184,"Fiddler crab","D65","substrato_barradorio"
"X220_ll_br_q_brac_claro",0.150339657065755,0.213882743430008,0.213882743430008,0.798373065945938,1.3468853,"Fiddler crab","D65","substrato_barradorio"
"X221_ll_br_c_brac_escuro",0.0903693018532209,0.138421220736357,0.138421220736357,0.363114018745384,0.9117587,"Fiddler crab","D65","substrato_barradorio"
"X221_ll_br_q_brac_escuro",0.0751625770073977,0.190815790402366,0.190815790402366,2.61414919342897,1.2327659,"Fiddler crab","D65","substrato_barradorio"
"X222_ll_br_c_brac_claro",0.136893687642331,0.238090990628806,0.238090990628806,0.385544479467551,1.4541103,"Fiddler crab","D65","substrato_barradorio"
"X222_ll_br_q_brac_claro",0.191649849318414,0.342776237718289,0.342776237718289,0.55029781576602,1.8185352,"Fiddler crab","D65","substrato_barradorio"
"X223_ll_br_c_brac_escuro",0.187417483199059,0.250533318688683,0.250533318688683,1.16534711219206,1.5050493,"Fiddler crab","D65","substrato_barradorio"
"X223_ll_br_q_brac_escuro",0.212017895038427,0.363424158695058,0.363424158695058,0.299817560970655,1.877028,"Fiddler crab","D65","substrato_barradorio"
"X224_ll_br_c_lep_claro",0.0493291335421013,0.0883003004318033,0.0883003004318033,0.555134419750597,0.4622009,"Fiddler crab","D65","substrato_barradorio"
"X224_ll_br_q_lep_claro",0.0590800988950955,0.157512481332075,0.157512481332075,2.90262234085884,1.0409621,"Fiddler crab","D65","substrato_barradorio"
"X225_ll_br_c_brac_escuro",0.148351790858031,0.230295135501674,0.230295135501674,0.284280253122964,1.420819,"Fiddler crab","D65","substrato_barradorio"
"X225_ll_br_q_brac_escuro",0.176183813635463,0.254957122518686,0.254957122518686,0.697983253739407,1.5225527,"Fiddler crab","D65","substrato_barradorio"
"X226_ll_br_c_brac_claro",0.136865359912215,0.2375484484581,0.2375484484581,0.373321170903012,1.4518289,"Fiddler crab","D65","substrato_barradorio"
"X226_ll_br_q_brac_claro",0.185290035383341,0.326039640450289,0.32603964045029,0.454182875029115,1.7684763,"Fiddler crab","D65","substrato_barradorio"
"X227_ll_br_c_lep_escuro",0.105281829557187,0.179469873704882,0.179469873704882,0.267211465941505,1.1714647,"Fiddler crab","D65","substrato_barradorio"
"X227_ll_br_q_lep_escuro",0.103009193302017,0.231672295158032,0.231672295158032,1.90026926643221,1.4267812,"Fiddler crab","D65","substrato_barradorio"
"X228_ll_br_c_brac_claro",0.101338174095382,0.159334638061605,0.159334638061605,0.209043004241365,1.052464,"Fiddler crab","D65","substrato_barradorio"
"X228_ll_br_q_brac_claro",0.212538514835678,0.362243333761906,0.362243333761906,0.266188792727145,1.8737735,"Fiddler crab","D65","substrato_barradorio"
"X229_ll_br_c_brac_escuro",0.0771177087383999,0.114096622533814,0.114096622533814,0.567491543082702,0.718503,"Fiddler crab","D65","substrato_barradorio"
"X229_ll_br_q_brac_escuro",0.187763853629976,0.311633385249142,0.311633385249142,0.109737961792194,1.7232848,"Fiddler crab","D65","substrato_barradorio"
"X230_ll_br_c_brac_claro",0.146957762000724,0.264823284387444,0.264823284387444,0.59454902654215,1.5605201,"Fiddler crab","D65","substrato_barradorio"
"X230_ll_br_q_brac_claro",0.0923201304586379,0.209880278857735,0.209880278857735,1.96372879406508,1.3279946,"Fiddler crab","D65","substrato_barradorio"
"X231_ll_br_c_brac_escuro",0.145641895800186,0.21578611231611,0.21578611231611,0.559099717064279,1.355745,"Fiddler crab","D65","substrato_barradorio"
"X231_ll_br_q_brac_escuro",0.140965826342971,0.259799239853776,0.259799239853776,0.726979188245673,1.5413665,"Fiddler crab","D65","substrato_barradorio"
"X232_ll_br_c_brac_claro",0.115663849454343,0.187085185797253,0.187085185797253,0.0420923396965812,1.2130214,"Fiddler crab","D65","substrato_barradorio"
"X232_ll_br_q_brac_claro",0.193544942258044,0.360283457905238,0.360283457905238,0.785843917189865,1.8683485,"Fiddler crab","D65","substrato_barradorio"
"X233_ll_br_c_brac_escuro",0.1716220305597,0.244679479375822,0.244679479375822,0.785858912285907,1.4814065,"Fiddler crab","D65","substrato_barradorio"
"X233_ll_br_q_brac_escuro",0.0724742075371369,0.149947325321115,0.149947325321115,1.40852196001597,0.9917414,"Fiddler crab","D65","substrato_barradorio"
"X234_ll_br_c_brac_claro",0.0934217435181691,0.148238520053186,0.148238520053186,0.155096471622035,0.9802799,"Fiddler crab","D65","substrato_barradorio"
"X234_ll_br_q_brac_claro",0.176006280658599,0.345927912728551,0.345927912728551,1.10598279540928,1.8276878,"Fiddler crab","D65","substrato_barradorio"
"X235_ll_br_c_brac_escuro",0.0873875911296335,0.134885555839385,0.134885555839386,0.317878879245047,0.885884,"Fiddler crab","D65","substrato_barradorio"
"X235_ll_br_q_brac_escuro",0.24856568242674,0.422432147725878,0.422432147725878,0.249269790429095,2.0274862,"Fiddler crab","D65","substrato_barradorio"
"X236_ll_br_c_brac_claro",0.0764323776848974,0.134012664713267,0.134012664713267,0.433154085004822,0.8793917,"Fiddler crab","D65","substrato_barradorio"
"X236_ll_br_q_brac_claro",0.173796445744217,0.330499782719207,0.330499782719207,0.911590366231606,1.7820634,"Fiddler crab","D65","substrato_barradorio"
"X237_ll_br_c_brac_escuro",0.170066926281202,0.279841778815592,0.279841778815593,0.0590027565243407,1.6156817,"Fiddler crab","D65","substrato_barradorio"
"X237_ll_br_q_brac_escuro",0.16119147934531,0.267384197538884,0.267384197538884,0.106504251321855,1.5701439,"Fiddler crab","D65","substrato_barradorio"
"X238_ll_br_c_brac_claro",0.233428714088021,0.417339447158,0.417339447158,0.54803103525913,2.0153573,"Fiddler crab","D65","substrato_barradorio"
"X238_ll_br_q_brac_claro",0.202963492906236,0.314604045084763,0.314604045084763,0.293039787128369,1.7327722,"Fiddler crab","D65","substrato_barradorio"
"X239_ll_br_c_brac_escuro",0.170654245184084,0.263177564878812,0.263177564878812,0.323087812742013,1.5542863,"Fiddler crab","D65","substrato_barradorio"
"X239_ll_br_q_brac_escuro",0.129146180367544,0.283043637985097,0.283043637985097,1.74794978603566,1.6270584,"Fiddler crab","D65","substrato_barradorio"
"X240_ll_br_c_brac_claro",0.123948456355167,0.177094460185745,0.177094460185745,0.773113817043437,1.1581406,"Fiddler crab","D65","substrato_barradorio"
"X240_ll_br_q_brac_claro",0.14092391590791,0.319375906622545,0.319375906622545,1.94530634572973,1.7478261,"Fiddler crab","D65","substrato_barradorio"
"X241_ll_br_c_brac_escuro",0.0793833640710775,0.116265338607817,0.116265338607816,0.627162875960689,0.7373323,"Fiddler crab","D65","substrato_barradorio"
"X241_ll_br_q_brac_escuro",0.161503571519909,0.301806282467835,0.301806282467835,0.808687863368158,1.6912427,"Fiddler crab","D65","substrato_barradorio"
"X242_ll_br_c_brac_claro",0.133347886399142,0.230674000598044,0.230674000598044,0.353699738570272,1.4224628,"Fiddler crab","D65","substrato_barradorio"
"X242_ll_br_q_brac_claro",0.214597255801317,0.372470932837119,0.372470932837119,0.373450993116995,1.9016164,"Fiddler crab","D65","substrato_barradorio"
"X243_ll_br_c_brac_escuro",0.165479192287208,0.250038681521808,0.250038681521808,0.443409296898878,1.503073,"Fiddler crab","D65","substrato_barradorio"
"X243_ll_br_q_brac_escuro",0.190389048992861,0.306846981339543,0.306846981339543,0.0632839243489017,1.7078065,"Fiddler crab","D65","substrato_barradorio"
"X244_ll_br_c_brac_claro",0.144631287112103,0.228029421071773,0.228029421071773,0.192876458187349,1.410932,"Fiddler crab","D65","substrato_barradorio"
"X244_ll_br_q_brac_claro",0.100076166908771,0.250272562688016,0.250272562688015,2.52554845428513,1.5040079,"Fiddler crab","D65","substrato_barradorio"
"X245_ll_br_c_brac_escuro",0.0754367802411849,0.130513142567012,0.130513142567012,0.354494720256892,0.8529313,"Fiddler crab","D65","substrato_barradorio"
"X245_ll_br_q_brac_escuro",0.189957190444378,0.366444313049482,0.366444313049482,0.996010633274012,1.8853039,"Fiddler crab","D65","substrato_barradorio"
"X246_ll_br_c_brac_real",0.175926116255278,0.298051281021032,0.298051281021032,0.230883435964227,1.6787229,"Fiddler crab","D65","substrato_barradorio"
"X246_ll_q_brac_real",0.15883909237694,0.28159792076909,0.28159792076909,0.498329521007307,1.6219376,"Fiddler crab","D65","substrato_barradorio"
"X247_ll_c_brac_real",0.0918406284644312,0.166252138329107,0.166252138329107,0.621261316846757,1.0949629,"Fiddler crab","D65","substrato_barradorio"
"X247_ll_q_brac_real",0.134826736156317,0.210563479758686,0.210563479758686,0.248798870477929,1.3312445,"Fiddler crab","D65","substrato_barradorio"
"X248_ll_c_brac_real",0.251246589555112,0.391745285254518,0.391745285254518,0.258343016295016,1.9520692,"Fiddler crab","D65","substrato_barradorio"
"X248_ll_q_brac_real",0.174991023443854,0.315225781015827,0.315225781015827,0.592409611270214,1.7347465,"Fiddler crab","D65","substrato_barradorio"
"X249_ll_c_brac_real",0.277808535799754,0.422459700905558,0.422459700905558,0.405745654434586,2.0275514,"Fiddler crab","D65","substrato_barradorio"
"X249_ll_q_brac_real",0.136438428384185,0.265895596027887,0.265895596027887,1.05601137164103,1.5645611,"Fiddler crab","D65","substrato_barradorio"
"X250_ll_c_brac_real",0.202511059877853,0.354179393371098,0.354179393371098,0.418311523510068,1.8512609,"Fiddler crab","D65","substrato_barradorio"
"X250_ll_q_brac_real",0.120771599792061,0.260699253549354,0.260699253549354,1.65844280274381,1.5448248,"Fiddler crab","D65","substrato_barradorio"
"X251_ll_c_brac_real",0.118098585318314,0.213981395670957,0.213981395670957,0.626674011079801,1.3473464,"Fiddler crab","D65","substrato_barradorio"
"X251_ll_q_brac_real",0.120763229220299,0.226253486080961,0.226253486080961,0.823808396588982,1.4031133,"Fiddler crab","D65","substrato_barradorio"
"X252_ll_c_brac_real",0.125438341930445,0.229782632895725,0.229782632895725,0.691198203344087,1.4185911,"Fiddler crab","D65","substrato_barradorio"
"X252_ll_q_brac_real",0.120133906851374,0.251771081027475,0.251771081027475,1.48429980968482,1.5099776,"Fiddler crab","D65","substrato_barradorio"
"X253_ll_c_brac_real",0.132298281908218,0.240294539347021,0.240294539347021,0.641034187759421,1.4633228,"Fiddler crab","D65","substrato_barradorio"
"X253_ll_q_brac_real",0.139231186287254,0.277710355828731,0.277710355828731,1.19279308190091,1.608036,"Fiddler crab","D65","substrato_barradorio"
"X254_ll_c_brac_real",0.163563954152389,0.292142997351206,0.292142997351206,0.542233664101367,1.6587007,"Fiddler crab","D65","substrato_barradorio"
"X254_ll_q_brac_real",0.126308632698627,0.278354924851264,0.278354924851264,1.78043244537238,1.6103544,"Fiddler crab","D65","substrato_barradorio"
"X255_ll_c_brac_real",0.148187899139286,0.272003822080936,0.272003822080936,0.703075307785985,1.5872735,"Fiddler crab","D65","substrato_barradorio"
"X255_ll_q_brac_real",0.141395020010287,0.249570313037208,0.249570313037208,0.472370506428412,1.501198,"Fiddler crab","D65","substrato_barradorio"
"X256_ll_c_brac_real",0.21723487521341,0.35727455005978,0.35727455005978,0.0560156271678068,1.8599619,"Fiddler crab","D65","substrato_barradorio"
"X256_ll_q_brac_real",0.10933581066813,0.21977590971493,0.21977590971493,1.23841050967887,1.3740658,"Fiddler crab","D65","substrato_barradorio"
"X257_ll_c_brac_real",0.176728911132501,0.310020635374838,0.310020635374838,0.436064818259377,1.7180962,"Fiddler crab","D65","substrato_barradorio"
"X257_ll_q_brac_real",0.101829067777358,0.194247193773329,0.194247193773329,0.92994392216143,1.2505889,"Fiddler crab","D65","substrato_barradorio"
"X258_ll_c_brac_real",0.141889953124749,0.235570706810028,0.235570706810028,0.111605645361752,1.4434685,"Fiddler crab","D65","substrato_barradorio"
"X258_ll_q_brac_real",0.0716207351456331,0.177143006065707,0.177143006065707,2.46045757578099,1.1584147,"Fiddler crab","D65","substrato_barradorio"
"X259_ll_c_brac_real",0.143225278600804,0.22589145989924,0.22589145989924,0.190820848938117,1.401512,"Fiddler crab","D65","substrato_barradorio"
"X259_ll_q_brac_real",0.124920508171074,0.249041482093255,0.249041482093254,1.18984064090021,1.4990768,"Fiddler crab","D65","substrato_barradorio"
"X260_ll_c_brac_real",0.213662110594794,0.367443007199552,0.367443007199552,0.319100526193704,1.8880256,"Fiddler crab","D65","substrato_barradorio"
"X260_ll_q_brac_real",0.12161346211533,0.266757220849064,0.266757220849064,1.7528709446327,1.5677963,"Fiddler crab","D65","substrato_barradorio"
"X261_ll_c_brac_real",0.236058861073886,0.389869794587786,0.389869794587786,0.0808011726088137,1.9472702,"Fiddler crab","D65","substrato_barradorio"
"X261_ll_q_brac_real",0.106196629956673,0.223838043676871,0.223838043676871,1.51798838471526,1.3923801,"Fiddler crab","D65","substrato_barradorio"
"X262_ll_c_brac_real",0.183149398870444,0.310314082351236,0.310314082351236,0.231362522188007,1.7190423,"Fiddler crab","D65","substrato_barradorio"
"X262_ll_q_brac_real",0.0775987827358347,0.196775295323521,0.196775295323521,2.60740604975703,1.2635198,"Fiddler crab","D65","substrato_barradorio"
"X263_ll_c_brac_real",0.221273725077803,0.387566042586153,0.387566042586153,0.427013136245829,1.9413436,"Fiddler crab","D65","substrato_barradorio"
"X263_ll_q_brac_real",0.101635884767519,0.218268743857031,0.218268743857031,1.62817924146663,1.3671844,"Fiddler crab","D65","substrato_barradorio"
"X264_ll_c_brac_real",0.148895221045722,0.278112729222928,0.278112729222929,0.805892331436122,1.6094839,"Fiddler crab","D65","substrato_barradorio"
"X264_ll_q_brac_real",0.130268250663787,0.255885387105928,0.255885387105928,1.1025834848027,1.526187,"Fiddler crab","D65","substrato_barradorio"
"X265_ll_c_brac_real",0.229466066384367,0.373733523948411,0.373733523948411,0.00136320415513657,1.9050004,"Fiddler crab","D65","substrato_barradorio"
"X265_ll_q_brac_real",0.114875872702342,0.250691639515625,0.250691639515625,1.72270217768983,1.505681,"Fiddler crab","D65","substrato_barradorio"
